run_id,t_s,wall_time,load_target_Nm,payload_kg,q_deg,q_err_deg,tau_grav_Nm,pos1,load1_pct,volt1,temp1_C,cur1_A,pos2,load2_pct,volt2,temp2_C,cur2_A,q2_deg,dq12_deg,comm_fail,slope,abort_reason,note
A-C-4,0.001,1790498463.801,23.3934,7.5596,1.189,1.189,23.388,2030,25.6,14.9,29,-0.594,2034,-38.400000000000006,14.8,30,1.1745,1.841,-0.652,0,32,,
A-C-4,0.0218,1790498463.822,23.3934,7.5596,1.189,1.189,23.388,2030,25.6,14.9,29,-0.594,2034,-38.400000000000006,14.8,30,1.1745,1.841,-0.652,0,32,,
A-C-4,0.0419,1790498463.842,23.3934,7.5596,1.189,1.189,23.388,2030,25.6,14.9,29,-0.5895,2034,-38.400000000000006,14.8,30,1.17,1.841,-0.652,0,32,,
A-C-4,0.0608,1790498463.861,23.3934,7.5596,1.189,1.189,23.388,2030,25.6,13.4,29,-0.594,2034,-38.400000000000006,13.1,30,1.17,1.841,-0.652,0,32,,
A-C-4,0.0819,1790498463.882,23.3934,7.5596,1.189,1.189,23.388,2030,25.6,13.4,29,-0.594,2034,-38.400000000000006,13.1,30,1.17,1.841,-0.652,0,32,,
A-C-4,0.1019,1790498463.902,23.3934,7.5596,1.189,1.189,23.388,2030,25.6,13.4,29,-0.954,2034,-38.400000000000006,13.1,30,1.1655,1.841,-0.652,0,32,,
A-C-4,0.1218,1790498463.922,23.3934,7.5596,1.189,1.189,23.388,2030,25.6,13.4,29,-0.792,2034,-38.400000000000006,13.1,30,1.1655,1.841,-0.652,0,32,,
A-C-4,0.141,1790498463.941,23.3934,7.5596,1.189,1.189,23.388,2030,25.6,13.4,29,-0.594,2034,-38.400000000000006,13.1,30,1.1655,1.841,-0.652,0,32,,
A-C-4,0.1609,1790498463.961,23.3934,7.5596,1.189,1.189,23.388,2030,25.6,13.4,29,-0.594,2034,-38.400000000000006,13.1,30,1.161,1.841,-0.652,0,32,,
A-C-4,0.1808,1790498463.980,23.3934,7.5596,1.189,1.189,23.388,2030,25.6,13.4,29,-0.5895,2034,-38.400000000000006,13.1,30,1.1565,1.841,-0.652,0,32,,
A-C-4,0.2009,1790498464.001,23.3934,7.5596,1.189,1.189,23.388,2030,25.6,13.4,29,-0.594,2034,-38.400000000000006,13.1,30,1.1565,1.841,-0.652,0,32,,
A-C-4,0.2218,1790498464.021,23.3934,7.5596,1.189,1.189,23.388,2030,25.6,13.4,29,-0.5895,2034,-38.400000000000006,13.1,30,1.17,1.841,-0.652,0,32,,
A-C-4,0.2408,1790498464.040,23.3934,7.5596,1.189,1.189,23.388,2030,25.6,13.4,29,-0.6075,2034,-38.400000000000006,13.1,30,1.1925,1.841,-0.652,0,32,,
A-C-4,0.2619,1790498464.062,23.3934,7.5596,1.189,1.189,23.388,2030,25.6,13.4,29,-0.594,2034,-38.400000000000006,13.1,30,1.1475,1.841,-0.652,0,32,,
A-C-4,0.2809,1790498464.081,23.3934,7.5596,1.189,1.189,23.388,2030,25.6,13.4,29,-0.5895,2034,-38.400000000000006,13.1,30,1.152,1.841,-0.652,0,32,,
A-C-4,0.3019,1790498464.102,23.3934,7.5596,1.189,1.189,23.388,2030,25.6,14.9,29,-0.594,2034,-38.400000000000006,14.9,30,1.1205,1.841,-0.652,0,32,,
A-C-4,0.3219,1790498464.122,23.3934,7.5596,1.189,1.189,23.388,2030,25.6,14.9,29,-0.5895,2034,-38.400000000000006,14.9,30,1.152,1.841,-0.652,0,32,,
A-C-4,0.3418,1790498464.141,23.3934,7.5596,1.189,1.189,23.388,2030,25.6,14.9,29,-0.594,2034,-38.400000000000006,14.9,30,1.152,1.841,-0.652,0,32,,
A-C-4,0.3619,1790498464.162,23.3934,7.5596,1.189,1.189,23.388,2030,25.6,14.9,29,-0.594,2034,-38.400000000000006,14.9,30,1.152,1.841,-0.652,0,32,,
A-C-4,0.3809,1790498464.181,23.3934,7.5596,1.189,1.189,23.388,2030,25.6,14.9,29,-0.5895,2034,-38.400000000000006,14.9,30,1.152,1.841,-0.652,0,32,,
A-C-4,0.4018,1790498464.201,23.3934,7.5596,1.189,1.189,23.388,2030,25.6,13.3,29,-0.5895,2034,-38.400000000000006,14.9,30,1.1565,1.841,-0.652,0,32,,
A-C-4,0.4219,1790498464.222,23.3934,7.5596,1.189,1.189,23.388,2030,25.6,13.3,29,-0.5895,2034,-38.400000000000006,13.7,30,1.1565,1.841,-0.652,0,32,,
A-C-4,0.4418,1790498464.241,23.3934,7.5596,1.189,1.189,23.388,2030,25.6,13.3,29,-0.5895,2034,-38.400000000000006,13.7,30,1.1565,1.841,-0.652,0,32,,
A-C-4,0.4608,1790498464.260,23.3934,7.5596,1.189,1.189,23.388,2030,25.6,13.3,29,-0.873,2034,-38.400000000000006,13.7,30,1.179,1.841,-0.652,0,32,,
A-C-4,0.4817,1790498464.281,23.3934,7.5596,1.189,1.189,23.388,2030,25.6,13.3,29,-0.594,2034,-38.400000000000006,13.7,30,1.1565,1.841,-0.652,0,32,,
A-C-4,0.5017,1790498464.301,23.3934,7.5596,1.189,1.189,23.388,2030,25.6,13.3,29,-0.594,2034,-38.400000000000006,13.7,30,1.1565,1.841,-0.652,0,32,,
A-C-4,0.502,,,,,,,,,,,,,,,,,,,0,,angle_error>1.0deg for 0.5s,
