P,I,D,rep,n,mean_rad_s,err_pct,unif_pct,ripple_pct,reach_deg
32,0,0,1,120,0.3349,-10.45,9.7,43.9,-3.605
32,0,0,2,120,0.371,-0.81,25.92,50.8,-3.222
32,0,8,1,120,0.3666,-1.97,28.07,57.2,-3.202
32,0,8,2,120,0.3663,-2.06,27.29,57.2,-3.202
32,0,16,1,120,0.3628,-2.99,27.22,57.8,-3.202
32,0,16,2,120,0.3605,-3.6,27.45,58.0,-3.202
32,0,32,1,120,0.3621,-3.17,27.47,58.6,-3.202
32,0,32,2,120,0.3626,-3.05,27.57,57.6,-3.202
32,0,64,1,120,0.365,-2.4,28.08,57.3,-3.202
32,0,64,2,120,0.3663,-2.05,28.65,62.8,-3.202
