run_id,date,experiment,box,load_Nm,payload_kg,speed_target_rad_s,t_acc_s,t_const_s,dir,duration_s,valid,completed,max_angle_err_deg,start_T1_C,start_T2_C,end_T1_C,end_T2_C,V_min,V_max,measured_rad_s,speed_err_pct,uniformity_pct,pred_coupled,pred_decoupled,verdict,logfile,note
PRE-1,2026-09-19,static,-,5.0,1.32,,,,,20,yes,completed,0.230,35,36,35,36,14.8,15.0,,,,,,code check,exp1_PRE-1_20260919_194945.csv,"low-load preliminary; tau_grav 5.235 = 5.397*cos(14.11 deg) confirms the unit bug is gone. The lever was not horizontal, which is why --center was added afterwards"
V-DROP,2026-09-21,static,A,11.7275,3.6226,,,,,30,yes,completed,0.384,34,34,34,35,14.2,15.1,,,,,,wiring check,exp1_V-DROP_20260921_200505.csv,"0.077 V drop at 3.39 A gives 22.7 mohm of wiring resistance, down from 280. The current register (68) read 8.3% of what it should and is unusable"
A-A-1,2026-09-20,static,A,11.7275,3.6226,,,,,600,yes,completed,0.345,26,25,36,39,14.5,15.2,,,,,,pass,exp1_A-A-1_20260920_181747.csv,
A-A-2,2026-09-20,static,A,11.7275,3.6226,,,,,600,yes,completed,0.345,30,31,38,42,14.4,15.1,,,,,,pass,exp1_A-A-2_20260920_183712.csv,servo 2 peaked at 47 C; not enough cooling between runs
A-A-3,2026-09-20,static,A,11.7275,3.6226,,,,,600,yes,completed,0.345,32,33,40,43,14.5,15.2,,,,,,pass,exp1_A-A-3_20260920_185526.csv,
A-A-x1,2026-09-20,static,A,11.7275,3.6226,,,,,0,no,aborted,,,,,,,,,,,,,aborted,exp1_A-A-1_20260920_181726.csv,header only; aborted before the run started
A-A-x2,2026-09-20,static,A,11.7275,3.6226,,,,,0,no,aborted,,,,,,,,,,,,,aborted,exp1_A-A-2_20260920_182851.csv,header only
A-A-x3,2026-09-20,static,A,11.7275,3.6226,,,,,0,no,aborted,,,,,,,,,,,,,aborted,exp1_A-A-2_20260920_183702.csv,header only
C-A-1,2026-09-21,maxspeed,A,11.7275,3.6226,max,,,-1,,yes,completed,,37,37,,,14.0,15.2,1.9688,,,1.9126,2.6176,loaded model,exp2b_C-A-1_20260921_203519.csv,"mean of three, sd 0.0097 (0.5%). Change across the window 2.3/3.2/3.0%. Speed is flat from q=+7 to -21 deg, so this is a genuine plateau. Loaded +2.9%, no-load -24.8%"
C-A-0,2026-09-21,maxspeed,A,11.7275,3.6226,max,,,-1,,no,completed,,36,37,,,14.2,14.8,,,,1.9126,2.6176,invalid,exp2b_C-A-1_20260921_203319.csv,"still accelerating inside the window (rep 1 changed 9.0% across it). The 3 s return wait was too short, so reps 2 and 3 started while still moving: 2.3162/1.9549/1.9590"
B-A-low-4,2026-09-21,dynamic,A,11.7275,3.6226,0.374,0.20,2.60,-1,,yes,completed,,37,37,,,14.0,15.3,0.375,+0.3,0.9,,,pass,exp2_B-A-low-4_20260921_204130.csv,780 samples evaluated; Present Speed agrees with the encoder to +0.2%
B-A-low-5,2026-09-21,dynamic,A,11.7275,3.6226,0.374,0.20,2.60,-1,,yes,completed,,37,37,,,14.0,15.3,0.375,+0.2,0.7,,,pass,exp2_B-A-low-5_20260921_204237.csv,
B-A-low-6,2026-09-21,dynamic,A,11.7275,3.6226,0.374,0.20,2.60,-1,,yes,completed,,37,38,,,14.0,15.8,0.375,+0.3,0.4,,,pass,exp2_B-A-low-6_20260921_204308.csv,
B-A-low-1a,2026-09-20,dynamic,A,11.7275,3.6226,0.374,0.20,0.20,+1,,no,completed,,,,,,14.8,15.0,0.408,+9.2,3.7,,,invalid,exp2_B-A-low-1_20260920_191614.csv,wrong direction (downhill) and RPM_PER_SPEED still at 0.114
B-A-low-1b,2026-09-20,dynamic,A,11.7275,3.6226,0.374,0.20,0.20,+1,,no,completed,,,,,,14.9,15.0,0.420,+12.3,8.5,,,invalid,exp2_B-A-low-1_20260920_191708.csv,wrong direction and wrong speed constant
B-A-low-1c,2026-09-20,dynamic,A,11.7275,3.6226,0.374,0.20,0.20,+1,,no,completed,,,,,,13.9,14.2,0.420,+12.2,20.4,,,invalid,exp2_B-A-low-1_20260920_193843.csv,wrong direction and wrong speed constant; wiring resistance 280 mohm held the supply at 13.9 V
B-A-star-1a,2026-09-20,dynamic,A,11.7275,3.6226,2.18,0.20,0.20,+1,,no,completed,,,,,,14.7,21.8,2.481,+13.8,15.3,,,invalid,exp2_B-A-star-1_20260920_191737.csv,"driven downhill; regenerative overvoltage 21.8 V over 116 samples, against the servo limit of 16.0 V"
B-A-star-1b,2026-09-20,dynamic,A,11.7275,3.6226,2.18,0.20,0.20,+1,,no,completed,,,,,,14.6,24.1,2.508,+15.0,20.1,,,invalid,exp2_B-A-star-1_20260920_191811.csv,"regenerative overvoltage, 24.1 V over 58 samples"
B-A-star-1c,2026-09-20,dynamic,A,11.7275,3.6226,2.18,0.20,0.20,+1,,no,completed,,,,,,14.4,19.2,2.524,+15.8,20.6,,,invalid,exp2_B-A-star-1_20260920_191837.csv,"regenerative overvoltage, 21.5 V over 117 samples"
B-A-low-2,2026-09-21,dynamic,A,11.7275,3.6226,0.374,0.20,0.20,-1,,no,completed,,,,,,14.4,15.9,0.349,-6.7,19.3,,,invalid,exp2_B-A-low-2_20260921_195410.csv,"direction and speed constant both correct; at t_const 0.20 s the window spans only 1.3 oscillation periods and uniformity failed. Supply sat at 15.3 V, after bypassing the interface board and before it was trimmed again"
B-A-low-3,2026-09-21,dynamic,A,11.7275,3.6226,0.374,0.20,0.20,-1,,no,completed,,,,,,13.5,15.5,0.352,-5.9,21.2,,,invalid,exp2_B-A-low-3_20260921_201018.csv,uniformity failed at t_const 0.20 s; the voltage reading is a transient artefact (13.6 V while stationary)
TUNE-1,2026-09-21,tuning,A,11.7275,3.6226,0.374,0.20,0.20,-1,,no,completed,,36,37,,,,,,,,,,reference,tune_20260921_202604.csv,"gains 8/16/32/64/128, all tried. Half-to-half differences 31.5/5.5/25.2/18.6/11.8%; none met +-3%. At 16 the joint fell 1.63 deg short, so it could not track"
,,,,,,,,,,,,,,,,,,,,,,,,,,
C-B-1,2026-09-23,maxspeed,B,17.5904,5.5896,max,,,-1,,yes,completed,,26,26,,,13.9,14.5,1.6719,,,1.5601,2.6176,loaded model,exp2b_C-B-1_20260923_184203.csv,"mean of three, sd 0.0094 (0.6%). Change across the window 1.7/1.9/2.0%. Loaded +7.2%, no-load -36.1%"
C-B-0,2026-09-23,maxspeed,B,17.5904,5.5896,max,,,-1,,no,aborted,,,,,,,,,,,,,aborted,exp2b_C-B-1_20260923_184106.csv,header only
C-B-0b,2026-09-23,maxspeed,B,17.5904,5.5896,max,,,-1,,no,partial,,,,,,,,,,,,,aborted,exp2b_C-B-1_20260923_184124.csv,stopped part way (5413 rows); the following run at 184203 is the valid one
A-B-1,2026-09-23,static,B,17.5904,5.5896,,,,,600,yes,completed,0.729,31,32,48,59,13.7,15.4,,,,,,pass,exp1_A-B-1_20260923_184531.csv,servo 2 peaked at 59 C
A-B-2,2026-09-23,static,B,17.5904,5.5896,,,,,600,yes,completed,0.537,35,35,44,51,13.6,15.3,,,,,,pass,exp1_A-B-2_20260923_191649.csv,
A-B-3,2026-09-23,static,B,17.5904,5.5896,,,,,600,yes,completed,0.537,30,32,43,51,13.6,15.4,,,,,,pass,exp1_A-B-3_20260923_193219.csv,
B-B-low-1,2026-09-25,dynamic,B,17.5904,5.5896,0.374,0.20,2.60,-1,,yes,completed,,28,28,,,,16.0,0.374,-0.0,1.6,,,pass,exp2_B-B-low-1_20260925_152029.csv,no samples above 16.0 V
B-B-low-2,2026-09-25,dynamic,B,17.5904,5.5896,0.374,0.20,2.60,-1,,yes,completed,,29,29,,,,15.9,0.374,-0.0,1.6,,,pass,exp2_B-B-low-2_20260925_152053.csv,
B-B-low-3,2026-09-25,dynamic,B,17.5904,5.5896,0.374,0.20,2.60,-1,,yes,completed,,30,30,,,,16.0,0.373,-0.3,1.9,,,pass,exp2_B-B-low-3_20260925_152117.csv,
,,,,,,,,,,,,,,,,,,,,,,,,,,
C-C-1,2026-09-25,maxspeed,C,23.3934,7.5596,max,,,-1,,yes,completed,,34,35,,,13.8,14.4,1.3653,,,1.2113,2.6176,loaded model,exp2b_C-C-1_20260925_160329.csv,"three reps 1.3866/1.3632/1.3463, mean 1.3653 (1.2%). Change across the window 0.3/0.4/0.7%. Pooled with reps 1 and 3 of run 160021 gives n=5, 1.3702 +-0.0156 (1.1%)"
C-C-0,2026-09-25,maxspeed,C,23.3934,7.5596,max,,,-1,,no,completed,,32,32,,,14.2,14.4,,,,1.2113,2.6176,partly invalid,exp2b_C-C-1_20260925_160021.csv,reps 1.3880 / 1.5508 / 1.3670. Rep 2 sits 11.6 standard deviations from the mean of the other five and is an outlier with no identified cause; reps 1 and 3 stand
C-C-x,2026-09-25,maxspeed,C,23.3934,7.5596,max,,,-1,,no,aborted,,,,,,,,,,,,,aborted,exp2b_C-C-1_20260925_160005.csv,header only
A-C-2,2026-09-27,static,C,23.3934,7.5596,,,,,350.6,yes,aborted,1.036,28,28,,70,,,,,,,,ended on temperature,exp1_A-C-2_20260927_155011.csv,"abort on temp >= 70 C. Median error 0.997 deg, peak 1.036, straddling the 1.0 tolerance. Creep +0.024 deg over 350 s. Load2 35.7%, i.e. fully loaded"
A-C-3,2026-09-27,static,C,23.3934,7.5596,,,,,394.3,yes,aborted,0.92,30,31,,70,,,,,,,,ended on temperature,exp1_A-C-3_20260927_161804.csv,"abort on temp >= 70 C. Median error 0.882 deg. Load2 33.5%, within 6% of A-C-2"
A-C-1-del,2026-09-25/27,static,C,23.3934,7.5596,,,,,,no,,,,,,,,,,,,,excluded from the results,(file deleted),"two runs on 9/25 (angle abort at 0.5 s), two more at gain 128 (servo 2 dropped out), two on 9/27. The 9/27 600 s run drooped 0.575 deg with Load2 at 21.9%, settling at the low end of the static friction band, so the motors carried less of it. Excluded from the results by the author. Files deleted 9/27"
B-C-low-1,2026-09-25,dynamic,C,23.3934,7.5596,0.374,0.20,2.60,-1,,yes,completed,,36,37,,,13.2,15.0,0.372,-0.6,0.9,,,pass,exp2_B-C-low-1_20260925_160520.csv,Load +47.7/+52.1%
B-C-low-2,2026-09-25,dynamic,C,23.3934,7.5596,0.374,0.20,2.60,-1,,yes,completed,,37,38,,,13.3,15.6,0.372,-0.5,0.7,,,pass,exp2_B-C-low-2_20260925_160548.csv,
B-C-low-3,2026-09-25,dynamic,C,23.3934,7.5596,0.374,0.20,2.60,-1,,yes,completed,,38,40,,,13.3,15.8,0.371,-0.7,1.1,,,pass,exp2_B-C-low-3_20260925_160611.csv,
B-C-low-x,2026-09-27,dynamic,C,23.3934,7.5596,0.374,0.20,2.60,-1,,no,aborted,,,,,,,,,,,,,aborted,exp2_B-C-low-1_20260927_152054.csv,header only
HEALTH-1,2026-09-27,maxspeed,bare lever,1.1454,0.0,max,,,-1,,yes,completed,,32,32,,,14.5,14.8,2.5781,,,2.5572,2.6176,loaded model,exp2b_HEALTH-1_20260927_151621.csv,"run with --box C but with the payload removed, so the tau_grav_Nm column (20.3) is wrong; the real load is 1.1454 N m. Three reps 2.5739/2.5793/2.5812 (0.1%). Doubles as the post-programme check and as the fourth, lightest data point"
NOLOAD-1,2026-09-19,noload,-,1.1454,0.0,max,,,,,no,completed,,,,,,,,,,,,,invalid,noload_20260919_193714.csv,"measured at torque limit 800, giving 45.9 rpm. 800/1023 = 78% is a PWM ceiling and scales the speed with it. Discarded"
NOLOAD-2,2026-09-19,noload,-,1.1454,0.0,max,,,,,yes,completed,,,,,,,,,,,,,w_m 57.3rpm,noload_20260919_194513.csv,"torque limit 1023, with --current. 57.3 rpm (5.9987 rad/s); friction current 0.088 A, i.e. 0.61 N m at the joint"
NOLOAD-3,2026-09-27,noload,-,1.1454,0.0,max,,,,,yes,completed,,32,32,,,14.7,14.8,,,,,,health check passed,noload_20260927_151457.csv,"57.3 rpm (6.0027 rad/s), within +0.07% of the 9/19 figure. This speed index did not change over the loaded programme"
TUNE-0,2026-09-21,tuning,A,11.7275,3.6226,0.374,0.20,0.20,-1,,no,completed,,,,,,,,,,,,,invalid,tune_20260921_201658.csv,"a sweep of address 26 from 0 to 64, taken at the time for D gain. On this firmware 26 is D Gain but is not what governs droop here, and the sweep showed nothing. Discarded"
TUNE-1-raw,2026-09-21,tuning,A,11.7275,3.6226,0.374,0.20,0.20,-1,,no,completed,,,,,,,,,,,,,reference,tune_20260921_202604_raw.csv,raw traces from TUNE-1 (t, q)
A-C-4,2026-09-27,static,C,23.3934,7.5596,,,,,332.9,yes,aborted,1.036,30,32,52,70,,,,,,,,ended on temperature,exp1_A-C-4_20260927_164132.csv,"abort on temp >= 70 C. Error 0.997 deg for 82.9% of samples and 1.036 for 15.9%: two adjacent encoder ticks straddling the 1.0 tolerance. Longest run above 1.0 was 0.28 s, under the 0.5 s dwell. Load2 35.4%, creep +0.028 deg"
A-C-4-x,2026-09-27,static,C,23.3934,7.5596,,,,,0,no,aborted,,,,,,,,,,,,,aborted,exp1_A-C-4_20260927_164059.csv,header only
