section,field,value,unit,note
Apparatus,Date measured,,,
Apparatus,Measured by,,,
Apparatus,Ambient temperature,,°C,
Apparatus,Supply model,600 W SMPS,,"replaced 2026-09-19, constant voltage"
Apparatus,Supply current rating,,A,peak planned draw 6.7 A at 23.18 N m; 10 A is enough
Apparatus,Balance model,,,
Apparatus,Balance resolution,,g,
Apparatus,Bus adapter,,,U2D2 or equivalent
Apparatus,Baudrate,,bps,1000000 recommended
,,,,
Servo 1,ID,,,
Servo 1,Model number,,,from the exp0 register dump
Servo 1,Firmware,,,
Servo 1,P gain,,,the two must match
Servo 1,I gain,,,
Servo 1,D gain,,,
Servo 1,Torque Limit,,,
Servo 1,Max Torque,,,
Servo 1,Temp Limit,,°C,
Servo 1,Service history,,,new / competition use / hours
,,,,
Servo 2,ID,,,
Servo 2,Model number,,,
Servo 2,Firmware,,,
Servo 2,P gain,,,
Servo 2,I gain,,,
Servo 2,D gain,,,
Servo 2,Torque Limit,,,
Servo 2,Max Torque,,°C,
Servo 2,Temp Limit,,°C,
Servo 2,Service history,,,
,,,,
Mechanics,External reduction N,2.2917,,55/24
Mechanics,SIGN,"{9:+1, 48:-1}",,mounted facing each other; measured in exp0
Mechanics,THETA0,"{9:1999, 48:2082}",tick,"exp0, using a spirit level"
Mechanics,R_LEVER,0.300,m,"joint axis to box centre, design value"
Mechanics,M_LEVER,0.3622 / 0.3874 / 0.3892,kg,"boxes A/B/C, lever detached, M_total x r_cm / 0.300; the earlier 0.514 included gear friction and was discarded"
Mechanics,R_LEVER_CM,0.300,m,"weighing method, so same as R_LEVER"
Mechanics,I_LEVER_O,,kg·m²,unused in the code; nothing calls inertia_about_joint
Mechanics,R_PAYLOAD_DISC,,m,disc payload radius; blank if not used
Mechanics,Gear material,,,brass / steel / plastic
Mechanics,Gear lubrication,,,greased or not
Mechanics,JOINT_MIN_DEG,-36,deg,"measured in exp0, moved by hand to each end"
Mechanics,JOINT_MAX_DEG,41,deg,"measured in exp0, moved by hand to each end"
Mechanics,Full range of motion,77,deg,"mechanical; after the EEPROM limits the commandable range is -33.90 to +37.20, or +-33.90 about horizontal"
Mechanics,Fighting check,pass,,"exp0 Load within +-0.8%, so no circulating torque"
,,,,
Angle cross-check,"Reading 1, from the servo",,deg,
Angle cross-check,"Reading 1, external",,deg,protractor or video
Angle cross-check,"Reading 2, from the servo",,deg,
Angle cross-check,"Reading 2, external",,deg,
Angle cross-check,Largest difference,,deg,"do not call this backlash; it includes zero offset, alignment, deflection and reading error"
,,,,
Prespecified,Date fixed,2026-09-19,,"fixed before any run, preliminary or otherwise"
Prespecified,HOLD_SECONDS,600,s,
Prespecified,ANGLE_TOL_DEG,1.0,deg,
Prespecified,ANGLE_ABORT_DWELL_S,0.5,s,0 aborts on the first sample outside tolerance
Prespecified,TEMP_ABORT_C,70,°C,
Prespecified,TEMP_START_C,40,°C,kept in step with config.py; the earlier value of 35 was dropped
Prespecified,TEMP_START_MATCH_C,2,°C,Start temperature difference between the two
Prespecified,SPEED_TOL_PCT,5.0,%,Mean speed against target
Prespecified,UNIFORMITY_TOL_PCT,3.0,%,First half against second half
Prespecified,EVAL_FRACTION,0.60,,Central fraction of the constant-speed phase
Prespecified,T_ACC,0.20,s,
Prespecified,T_CONST,0.20,s,fixed 2026-09-19
Prespecified,T_CONST revised,2.60,s,"2026-09-21, for the 0.374 rad/s point, so the window spans 18 oscillation periods"
Prespecified,Reason for revising T_CONST,,,"over 68 degrees, 0.20 s gives a window of only 1.3 oscillation periods; gain values 8 through 128 were all tried and all failed. exp2 had no valid data at that point"
Prespecified,Replacement for the fast test points,exp2b_maxspeed,,2.18/1.78/1.38 dropped in favour of measuring the maximum speed; the predictions differ by 37-116%
Prespecified,REPEATS,3,,
Prespecified,Q0_TOL_DEG,2.0,deg,how far a static run may start from horizontal; exp1 refuses past this
Prespecified,TORQUE_LIMIT,1023,,"register 34; a PWM ceiling, so it scales speed and capacity together. At 800 the no-load speed was 45.9 rpm"
Prespecified,"test speed, boxes A/B/C",2.18 / 1.78 / 1.38,rad/s,"1.14 x the loaded bound, from the measured w_m = 5.9987 and the measured loads"
Prespecified,"SPEED, low and control",0.374 / 1.30,rad/s,both descriptions predict this is attainable
,,,,
Payload,Bare-lever moment,,N·m,M_LEVER × 9.81 × R_LEVER_CM
Payload,for 11.59 N m,,kg,(11.59 - lever moment) / (9.81 x R_LEVER)
Payload,for 17.38 N m,,kg,
Payload,for 23.18 N m,,kg,
,,,,
Supply,Nominal voltage,14.8,V,14.8 or 12.0; fixed in advance
Supply,"Measured voltage, unloaded",14.7~14.9,V,"servo Present Voltage (42): ID9 14.8-14.9, ID48 14.7-14.8"
Supply,"Measured voltage, lowest under 23.18 N m",,V,
Supply,Measured no-load speed,57.3,rpm,"14.8 V, bare lever, both directions averaged, torque limit 1023; +4.2% on the specified 55"
,,,,
Lever,"joint axis to box centre, R_LEVER",0.300,m,"measured, +-0.5 mm"
Lever,Mass of one calibrated mass,0.10965,kg,"32 -> 3513 g, 50 -> 5480 g, 68 -> 7450 g, i.e. 109.78/109.60/109.56, mean 109.65"
Lever,"M_empty, box A (32)",0.3622,kg,M_total 512.6 g x r_cm 212 mm / 300
Lever,"M_empty, box B (50)",0.3874,kg,M_total 545.6 g x r_cm 213 mm / 300
Lever,"M_empty, box C (68)",0.3892,kg,M_total 545.6 g x r_cm 214 mm / 300; same mass as B because both were printed to the same settings
Lever,Box axis offset h,,m,lateral offset of the payload centre of mass from the tube axis; zero is the aim
,,,,
Bus,latency_timer,1,ms,udev rule made permanent; BulkRead measured at 1000 Hz
Bus,"Actual sampling, dynamic",,Hz,from the exp2 output
,,,,
Prespecified,SUPPLY_V_NOMINAL,14.8,V,fixed 2026-09-19
Prespecified,SUPPLY_V_TOL,0.5,V,
Prespecified,COMM_ABORT_S,0.5,s,Abort after loss of the bus
,,,,
Load,masses for 11.59 N m,33,count,"box A, 32 places + 1"
Load,masses for 17.38 N m,51,count,"box B, 50 places + 1"
Load,masses for 23.18 N m,69,count,"box C, 68 places + 1"
Load,Actual torque per step,11.7275 / 17.5904 / 23.3934,N·m,+1.19 / +1.21 / +0.92 % against target; SF 1.012 / 1.518 / 2.018
Load,Total payload mass,3.6226 / 5.5896 / 7.5596,kg,the --payload argument of exp1 and exp2
Load,Test speed,2.18 / 1.78 / 1.38,rad/s,1.14 x the loaded bound at the measured load; the no-load bound is 2.618 throughout
